competitor,keyword,count
Krisha.kz,приложение,27
Krisha.kz,почему,20
Krisha.kz,квартиры,16
Krisha.kz,объявление,14
Krisha.kz,квартир,13
Krisha.kz,объявления,12
Krisha.kz,работает,12
Krisha.kz,открывается,10
Krisha.kz,крыша,10
Krisha.kz,было,9
Krisha.kz,приложении,8
Krisha.kz,фото,7
Krisha.kz,мошенников,7
Krisha.kz,карте,7
Krisha.kz,обновления,6
OLX Kazakhstan,объявление,19
OLX Kazakhstan,приложение,13
OLX Kazakhstan,деньги,12
OLX Kazakhstan,объявления,10
OLX Kazakhstan,могу,10
OLX Kazakhstan,было,8
OLX Kazakhstan,номер,8
OLX Kazakhstan,постоянно,7
OLX Kazakhstan,пожалуйста,6
OLX Kazakhstan,какой,6
OLX Kazakhstan,почему,6
OLX Kazakhstan,самое,5
OLX Kazakhstan,профиль,5
OLX Kazakhstan,равно,5
OLX Kazakhstan,платить,5
kn.kz,приложение,8
kn.kz,невозможно,3
kn.kz,открывается,3
kn.kz,телефона,2
kn.kz,весь,2
kn.kz,удаляю,2
kn.kz,одни,2
kn.kz,чего,2
kn.kz,отстой,2
kn.kz,работает,2
kn.kz,недоработанное,1
kn.kz,открыть,1
kn.kz,объявления,1
kn.kz,городе,1
kn.kz,одном,1
